999,男,999@gmail.com,0981236342,A172222910,朱品諺,jason
1000,女,1000@gmail.com,0987623525,B285019390,顏筱萱,emma
1001,男,1001@gmail.com,0933587497,C155968475,劉宛璇,michael
1002,女,1002@gmail.com,0988611677,D274651035,張譯萱,sophia
1003,男,1003@gmail.com,0982730990,E122743056,戴碩廷,james
1004,男,1004@gmail.com,0916149565,F173330346,林郁杰,olivia
1005,男,1005@gmail.com,0972909122,G119395210,張品蓁,john
1006,女,1006@gmail.com,0975667726,A240116669,蘇冠銘,ava
1007,男,1007@gmail.com,0938586985,B175907261,呂雯婷,david
1008,男,1008@gmail.com,0917358765,A168393654,郭韋倫,isabella
1009,男,1009@gmail.com,0975515834,B142052160,李昕柔,william
1010,男,1010@gmail.com,0903521434,C141614811,劉一慶,mia
1011,女,1011@gmail.com,0953606956,A296539089,李銉榛,joseph
1012,男,1012@gmail.com,0980881841,B145985963,杜宥諾,emily
1013,男,1013@gmail.com,0973123280,C123090816,王景萱,daniel
1014,男,1014@gmail.com,0938993766,D145268468,莊秉鈞,charlotte
1015,女,1015@gmail.com,0984108836,E219352904,王韋捷,benjamin
1016,男,1016@gmail.com,0922223090,F122764396,周紘堉,abigail
1017,女,1017@gmail.com,0975122192,G241624503,郭建陞,christpher
1018,男,1018@gmail.com,0972782032,C122248482,邱睿澤,harper
1019,男,1019@gmail.com,0983355714,D116566514,王星閔,andrew
1020,男,1020@gmail.com,0920593114,E142755408,陳庭槿,ella
1021,男,1021@gmail.com,0988883329,C165020332,張力元,joshua
1022,女,1022@gmail.com,0910857717,D269585054,簡晨宇,madison
1023,男,1023@gmail.com,0922090629,E134959526,吳孝文,matthew
1024,男,1024@gmail.com,0979002286,C194764841,黃于鈴,amelia
1025,男,1025@gmail.com,0977696664,D149176654,李偉洋,nicholas
1026,女,1026@gmail.com,0922390349,C238320932,李啟政,sofia
1027,男,1027@gmail.com,0978035353,D183321499,林玲君,jacob
1028,女,1028@gmail.com,0970976001,C256928454,江紹鏞,evelyn
1029,男,1029@gmail.com,0975195384,D197263993,王勝紘,ethan
1030,男,1030@gmail.com,0928461059,E113205523,常鴻安,avery
1031,男,1031@gmail.com,0982885018,C197128411,邱翊萁,alexander
1032,男,1032@gmail.com,0928403212,D174665421,王德俞,elizabeth
1033,女,1033@gmail.com,0982013553,E213327408,葉天蕙,ryan
1034,男,1034@gmail.com,0900613023,F197439396,鄔毅霖,chloe
1035,男,1035@gmail.com,0928575987,G136726038,蔡鈺民,anthony
1036,男,1036@gmail.com,0930226715,A118587815,陳玟妤,eleanor
1037,女,1037@gmail.com,0912728470,B239580313,陳儀蓁,jonathan
1038,男,1038@gmail.com,0931363228,A172108780,夏暐倫,grace
1039,女,1039@gmail.com,0988372840,B213768346,劉培玉,samuel
1040,男,1040@gmail.com,0988653888,E189287959,許志豪,hannah
1041,男,1041@gmail.com,0985273823,F168793441,謝介偉,nathan
1042,男,1042@gmail.com,0917689542,G196929943,郭威甫,lily
1043,男,1043@gmail.com,0910515275,A159070759,周靜芬,aiden
1044,女,1044@gmail.com,0987768338,B227624101,朱彥仲,natalie
1045,男,1045@gmail.com,0920007183,A113530081,梁家豪,dylan
1046,男,1046@gmail.com,0978973782,D167616327,黃建煒,layla
1047,男,1047@gmail.com,0930959555,E144504709,鍾欣宏,brandon
1048,女,1048@gmail.com,0912865377,F268838814,張玉瑄,addison
1049,男,1049@gmail.com,0912865377,G159188180,張玉瑄,tyler
1050,男,1050@gmail.com,0988653888,A154853038,許志豪,scarlett
1051,男,1051@gmail.com,0921881917,B164898889,廖冠旻,zachary
1052,男,1052@gmail.com,0932253766,A184015516,陳志平,aria
1053,男,1053@gmail.com,0911848813,B127927946,金振宇,caleb
1054,男,1054@gmail.com,0968857077,D179867584,司恩瑞,zoe
1055,男,1055@gmail.com,0909343191,E188355377,陳文州,logan
1056,男,1056@gmail.com,0921455208,F153603560,蘇堉銘,penelope
1057,男,1057@gmail.com,0988100122,G187265356,傅椿淵,jackson
1058,女,1058@gmail.com,0988494213,A275804549,劉承鑫,riley
1059,男,1059@gmail.com,0989385977,B151760931,黃凱揚,chrtopher
1060,男,1060@gmail.com,0927831563,A184769344,王湘宜,leah
1061,男,1061@gmail.com,0939828381,B111344187,郭桂良,luke
1062,女,1062@gmail.com,0931998090,F298680510,張振漢,audrey
1063,男,1063@gmail.com,0938146290,G190155112,黃紹奎,christian
1064,男,1064@gmail.com,0952811182,A154955501,葉芷寧,savannah
1065,男,1065@gmail.com,0923203361,B123836113,翁瑄苡,jack
1066,男,1066@gmail.com,0988101424,D111652301,李彥昌,allison
1067,女,1067@gmail.com,0912147161,E287955816,戴伯勳,mason
1068,男,1068@gmail.com,0978566821,F128933483,謝易雅,samantha
1069,男,1069@gmail.com,0917117758,G161764276,張耘愷,dylan
1070,男,1070@gmail.com,0929008223,A170074462,謝旻璁,ariana
1071,女,1071@gmail.com,0963538980,B242713539,施志翰,evan
1072,男,1072@gmail.com,0938931028,D137907476,林信孚,aaliyah
1073,女,1073@gmail.com,0917057144,E269397739,卓子鈞,gavin
1074,男,1074@gmail.com,0909889937,F177754256,曾湘鈞,anna
1075,女,1075@gmail.com,0965710170,G214247371,蘇之荺,jordan
1076,男,1076@gmail.com,0965710170,D166414265,蘇之荺,bella
1077,男,1077@gmail.com,0921214224,E159131411,蔡聰敏,isaac
1078,男,1078@gmail.com,0975268662,F127300941,薛言昱,victoria
1079,女,1079@gmail.com,0970190789,G245791175,謝瑋庭,adam
1080,男,1080@gmail.com,0939833565,A123471752,邱竹儀,claire
1081,女,1081@gmail.com,0927638807,B259441720,李俊毅,owen
1082,男,1082@gmail.com,0955182916,D140916255,錢孟群,camila
1083,女,1083@gmail.com,0919380669,E210062455,曾成基,connor
1084,男,1084@gmail.com,0963073910,F133627190,郭又瑄,lillian
1085,男,1085@gmail.com,0963073910,G120914382,郭又瑄,charles
1086,男,1086@gmail.com,0926899347,A152263584,徐位禎,brooklyn
1087,男,1087@gmail.com,0988062156,B195153193,林姵廷,liam
1088,男,1088@gmail.com,0978749521,A118359628,鄒昉,skylar
1089,男,1089@gmail.com,0970190789,B186629287,謝瑋庭,landon
1090,男,1090@gmail.com,0980789493,B177367036,鄭宇峰,gabriella
1091,男,1091@gmail.com,0988062156,A117006956,林姵廷,adrian
1092,女,1092@gmail.com,0927638807,B264830291,李俊毅,paisley
1093,男,1093@gmail.com,0985081181,D196383424,吳俐蓁,kevin
1094,男,1094@gmail.com,0988646728,E167306217,何易展,ellie
1095,男,1095@gmail.com,0926899347,F199440317,徐位禎,jayden
1096,女,1096@gmail.com,0925105535,G244677434,張雅棠,makayla
1097,男,1097@gmail.com,0988646728,A156842183,何易展,user99
1098,女,1098@gmail.com,0986605071,B222338176,林清玉,user100
1099,女,1099@gmail.com,0975396663,A230942427,張騏,user101
