jason,8222734
emma,2516546
michael,4953746
sophia,3808722
james,5944230
olivia,1515609
john,9187977
ava,3865103
david,2023309
isabella,5821723
william,5048873
mia,1024614
joseph,5412441
emily,459520
daniel,4353125
charlotte,984760
benjamin,9793957
abigail,5558658
christpher,4993557
harper,8445765
andrew,6845989
ella,5355465
joshua,8994185
madison,1411940
matthew,4254356
amelia,460525
nicholas,1496095
sofia,487524
jacob,6024167
evelyn,3338201
ethan,9011100
avery,8268681
alexander,2382668
elizabeth,2172169
ryan,5200094
chloe,5282866
anthony,1493867
eleanor,1834834
jonathan,4321421
grace,2288636
samuel,4117624
hannah,1451838
nathan,3243453
lily,146409
aiden,804662
natalie,4523550
dylan,9030571
layla,8082549
brandon,421923
addison,8007122
tyler,3602779
scarlett,7422003
zachary,7264403
aria,5856981
caleb,4485940
zoe,9387503
logan,9236104
penelope,6734162
jackson,9170125
riley,1459658
chrtopher,7997254
leah,6179145
luke,270756
audrey,8296638
christian,3758032
savannah,3834271
jack,7454725
allison,2603379
mason,1206517
samantha,3319971
dylan,4792546
ariana,5362274
evan,6301204
aaliyah,518538
gavin,5358047
anna,4915451
jordan,7184290
bella,3505618
isaac,7047002
victoria,9132673
adam,4970572
claire,9015095
owen,9160872
camila,1980641
connor,3684111
lillian,449082
charles,2544505
brooklyn,8484093
liam,4700114
skylar,2944659
landon,9805273
gabriella,6224579
adrian,6569362
paisley,5262794
kevin,6358485
ellie,4308735
jayden,7130464
makayla,5079710
user99,3288820
user100,8021259
user101,8848857
